<assembly xmlns="http://maven.apache.org/ASSEMBLY/2.0.0"
    xmlns:xsi="http://www.w3.org/2001/XMLSchema-instance"
    xsi:schemaLocation="http://maven.apache.org/ASSEMBLY/2.0.0 http://maven.apache.org/xsd/assembly-2.0.0.xsd">
  <id>distribution</id>
  <formats>
    <format>zip</format>
  </formats>
  <fileSets>
    <fileSet>
      <directory>${basedir}</directory>
      <includes>
        <include>*.txt</include>
        <include>doc/*.pdf</include>
        <include>src/assembly/**</include>
        <include>src/main/**</include>
        <include>src/test/**</include>
        <include>pom.xml</include>
      </includes>
    </fileSet>
  </fileSets>
</assembly>
